Title,Company,Location,Posting Date,Status
Gen AI & Data Scientist,Tata Consultancy Services,"Titusville, NJ",Reposted 1 week ago,Over 100 people clicked apply
Machine Learning Researcher,Mercor,United States,1 week ago,Over 100 people clicked apply
"Computational Scientist, Machine Learning",Altos Labs,"San Diego, CA",Reposted 5 days ago,Over 100 people clicked apply
Machine Learning Engineer,Strativ Group,San Francisco Bay Area,4 weeks ago,Over 100 applicants
Senior Robotics Software Engineer,Acubed,"Sunnyvale, CA",Reposted 1 week ago,Over 100 people clicked apply
Machine Learning Engineer (Computer Vision),Understanding Recruitment,"Denver, CO",5 days ago,Over 100 applicants
Machine Learning Intern,Verdant Robotics,"San Mateo, CA",16 hours ago,Over 100 people clicked apply
Robotics Software Engineer,Weave Robotics,"San Francisco, CA",2 months ago,Over 100 people clicked apply
"Founding ML/CV Engineer - Immersive Memories, AR/VR",Wist Labs Inc.,San Francisco Bay Area,4 months ago,Over 100 applicants
Data Scientist,Entegris,"Aurora, IL",2 weeks ago,Over 100 people clicked apply
